idx,generated_response,ground_truth,ir_time,generate_time,bert_score
0,Rated R.,Def Jam Recordings and SRP Records,0.0013551712036132812,2.602482795715332,0.12639454007148743
1,11 years.,11,0.0015757083892822266,1.2723407745361328,0.583472490310669
2,Roddy Llewellyn.,"Sir Roderic Victor ""Roddy"" Llewellyn",0.0014030933380126953,1.4128377437591553,0.7070268392562866
3,Film director.,film director,0.0012164115905761719,1.1081440448760986,0.9636179208755493
4,Fort Riley.,Fort Riley,0.0014033317565917969,1.2417991161346436,0.9796625375747681
5,Decima is a game engine.,a proprietary game engine,0.0013041496276855469,1.42179536819458,0.5274720191955566
6,Both Alice Hoffman and Marguerite Duras are novelists.,novelist,0.001390695571899414,1.741180181503296,0.5609781742095947
7,Perth.,Perth,0.00140380859375,1.152209997177124,0.9630388021469116
8,23 goals.,23 league goals,0.0014121532440185547,1.303945779800415,0.8921216726303101
9,Walt Disney Animation Studios.,Illumination Entertainment,0.0014390945434570312,1.3979723453521729,0.3974790573120117
10,The New York Yankees.,New York Yankees,0.0013179779052734375,1.4176206588745117,0.9586265683174133
11,Ali Daei,Ali Daei,0.0013060569763183594,1.2666292190551758,1.0
12,Directing.,film director,0.0013091564178466797,1.1234397888183594,0.7298666834831238
13,"Widespread Panic has released more albums (12 studio albums) than Stack Waddy (2 albums) and The Goslings (several albums, but exact number not specified).",Archive,0.00128936767578125,3.0119502544403076,0.07885408401489258
14,28 Weeks Later.,28 Weeks Later,0.0013377666473388672,1.402297019958496,0.9587976336479187
15,"Dongxing, Guangxi is a county-level city, while Yueqing is a county-level city.",county-level,0.0013170242309570312,2.142183780670166,0.21224325895309448
