idx,generated_response,ground_truth,load_knowledge_time,generate_time,bert_score
0, Sherwood Stewart is older.,Sherwood Stewart,0.1527397632598877,25.243062257766724,0.7924247980117798
1, Folk rock,rock,0.14307641983032227,24.23493242263794,0.745699405670166
2, Concerned Women for America,Concerned Women for America,0.14829707145690918,24.881547212600708,1.0
3," Martina Navratilova was born on October 18, 1956, and Vania King was born on February 3, 1989.",Martina Navratilova,0.13827896118164062,31.082451105117798,0.662447452545166
4, Stanley Kubrick,Stanley Kubrick,0.1432359218597412,24.296096801757812,0.9999999403953552
5," ""Panda""",Panda,0.1481177806854248,24.505650520324707,0.9173482060432434
6, Two years.,only two years,0.1463918685913086,24.356252193450928,0.748169481754303
